path,score
Care & Conditions > Brain & Neurological Health > Brain health & prevention > Brain-health coaching,2
Care & Conditions > Brain & Neurological Health > Brain health & prevention > Nootropics,2
Care & Conditions > Brain & Neurological Health > Consumer neurotech > Brain-training apps,2
Care & Conditions > Care Delivery > Emergency care > Air ambulance memberships,2
Care & Conditions > Care Delivery > Emergency care > ER triage & wait-time apps,2
Care & Conditions > Care Delivery > Patient navigation > Medical tourism,2
Care & Conditions > Care Delivery > Pharmacy > Compounding pharmacies,2
Care & Conditions > Care Delivery > Primary & urgent care > Retail clinics,2
Care & Conditions > Chronic Conditions > Autoimmune disease > Lupus,2
Care & Conditions > Chronic Conditions > Autoimmune disease > Multiple sclerosis,2
Care & Conditions > Chronic Conditions > Digestive health > GERD,2
Care & Conditions > Chronic Conditions > Respiratory & allergy > Seasonal allergies,2
Care & Conditions > Health Technology > Health data infrastructure > EHR,2
Care & Conditions > Health Technology > Healthcare workforce > Clinician burnout tools,2
Care & Conditions > Integrative Medicine > Energy & movement practices > Qigong,2
Care & Conditions > Integrative Medicine > Energy & movement practices > Reiki,1
Care & Conditions > Integrative Medicine > Energy & movement practices > Tai chi,2
Care & Conditions > Integrative Medicine > Herbal medicine > Clinical herbalism,2
Care & Conditions > Integrative Medicine > Herbal medicine > Herbal apothecaries,2
Care & Conditions > Integrative Medicine > Herbal medicine > Herbalism education,2
Care & Conditions > Integrative Medicine > Manual therapies > Cupping & gua sha,2
Care & Conditions > Integrative Medicine > Manual therapies > Reflexology,1
Care & Conditions > Integrative Medicine > Whole systems > Ayurveda,2
Care & Conditions > Integrative Medicine > Whole systems > Homeopathy,1
Care & Conditions > Integrative Medicine > Whole systems > Indigenous medicine,1
Care & Conditions > Integrative Medicine > Whole systems > Naturopathy,2
Care & Conditions > Integrative Medicine > Whole systems > Traditional Chinese Medicine,2
Care & Conditions > Integrative Medicine > Whole systems > Unani,1
Care & Conditions > Pain & Musculoskeletal > Back & neck > Cervical pain,2
Care & Conditions > Pain & Musculoskeletal > Back & neck > Posture,2
Care & Conditions > Pain & Musculoskeletal > Back & neck > Sciatica,2
Care & Conditions > Pain & Musculoskeletal > Back & neck > Tech neck,2
Care & Conditions > Pain & Musculoskeletal > Chronic pain > Pain-tracking apps,2
Care & Conditions > Pain & Musculoskeletal > Foot & ankle care > Plantar fasciitis,2
Care & Conditions > Pain & Musculoskeletal > Joint & bone health > Hip pain,2
Care & Conditions > Pain & Musculoskeletal > Joint & bone health > Knee pain,2
Care & Conditions > Pain & Musculoskeletal > Joint & bone health > Shoulder pain,2
Care & Conditions > Population-Specific Care > LGBTQ+ health > Trans-inclusive provider directories,2
Care & Conditions > Population-Specific Care > Rural & underserved care > Refugee health navigation,2
Care & Conditions > Specialty Care > Dental & oral health > Oral microbiome,2
Care & Conditions > Specialty Care > Medical aesthetics > IV hydration,2
Care & Conditions > Specialty Care > Vision > Contact lenses,2
Enterprise & AI > AI Infrastructure > Compute & data centers > AI data centers,2
Enterprise & AI > AI Infrastructure > Foundation models > Model APIs,2
Enterprise & AI > Business Finance Tech > Business lending > Term loans,2
Enterprise & AI > Commerce & Retail Tech > E-commerce enablement > Storefront platforms,2
Enterprise & AI > Commerce & Retail Tech > Point of sale > Mobile POS,2
Enterprise & AI > Commerce & Retail Tech > Point of sale > Retail POS,2
Enterprise & AI > Commerce & Retail Tech > SMB operations > Website builders,2
Enterprise & AI > Cybersecurity & Trust > Consumer security > Password managers,2
Enterprise & AI > Marketing & Sales Tech > Analytics & attribution > Multi-touch attribution,2
Enterprise & AI > Marketing & Sales Tech > Event marketing > Webinar platforms,2
Enterprise & AI > Marketing & Sales Tech > Retail media & ads > Programmatic ad tech,2
Enterprise & AI > Software & Developer Tools > API economy > API marketplaces,2
Enterprise & AI > Software & Developer Tools > Developer platforms > Code hosting,2
Enterprise & AI > Software & Developer Tools > Developer platforms > Package registries,2
Enterprise & AI > Work & HR Tech > Collaboration > Virtual offices,2
Enterprise & AI > Work & HR Tech > Employee wellbeing > Wellness programs,2
Health & Wellness > Aging & Longevity > Biohacking > Biohacker communities,2
Health & Wellness > Aging & Longevity > Biohacking > HRV tracking,2
Health & Wellness > Aging & Longevity > Biohacking > Self-experiment platforms,2
Health & Wellness > Aging & Longevity > Biohacking > Wearable stacks,2
Health & Wellness > Aging & Longevity > Healthy aging > Senior nutrition,2
Health & Wellness > Aging & Longevity > Longevity medicine > Off-label longevity drugs,2
Health & Wellness > Aging & Longevity > Longevity medicine > Regenerative medicine,2
Health & Wellness > Aging & Longevity > Senior living > Active-adult communities,2
Health & Wellness > Fitness & Recovery > Athletic recovery > Float therapy,2
Health & Wellness > Fitness & Recovery > Cardio & endurance > Swimming,2
Health & Wellness > Fitness & Recovery > Cardio & endurance > Walking,2
Health & Wellness > Fitness & Recovery > Mobility & flexibility > Joint mobility,2
Health & Wellness > Fitness & Recovery > Strength training > Bodybuilding,2
Health & Wellness > Fitness & Recovery > Strength training > Functional strength,2
Health & Wellness > Fitness & Recovery > Strength training > Powerlifting,2
Health & Wellness > Fitness & Recovery > Strength training > Weightlifting,2
Health & Wellness > Mental Health > Anxiety & mood > Panic disorder,2
Health & Wellness > Mental Health > Anxiety & mood > Seasonal depression,2
Health & Wellness > Mental Health > Stress & burnout > Chronic stress,2
Health & Wellness > Mental Health > Stress & burnout > Relaxation techniques,2
Health & Wellness > Mental Health > Therapy access > Sliding-scale clinics,2
Health & Wellness > Nutrition & Metabolic Health > Clinical nutrition > Intuitive eating,2
Health & Wellness > Nutrition & Metabolic Health > GLP-1 economy > Compounded GLP-1s,2
Health & Wellness > Nutrition & Metabolic Health > Personalized nutrition > Nutrigenomics,2
Health & Wellness > Nutrition & Metabolic Health > Special diets > Elimination diets,2
Health & Wellness > Nutrition & Metabolic Health > Special diets > Low-carb & keto,2
Health & Wellness > Nutrition & Metabolic Health > Sports nutrition > Competition prep,2
Health & Wellness > Nutrition & Metabolic Health > Supplements > Herbal supplements,2
Health & Wellness > Nutrition & Metabolic Health > Supplements > Omega-3,2
Health & Wellness > Nutrition & Metabolic Health > Weight management > Body recomposition,2
Health & Wellness > Nutrition & Metabolic Health > Weight management > Fat loss,2
Health & Wellness > Nutrition & Metabolic Health > Weight management > Healthy weight gain,2
Health & Wellness > Prevention & Diagnostics > Immunization > Adult immunization,2
Health & Wellness > Prevention & Diagnostics > Immunization > Travel vaccines,2
Health & Wellness > Prevention & Diagnostics > Immunization > Workplace flu clinics,2
Health & Wellness > Sexual & Reproductive Health > Contraception > Emergency contraception,2
Health & Wellness > Sexual & Reproductive Health > Sexual health services > STI prevention,2
Health & Wellness > Sleep > Sleep disorders > Circadian rhythm disorders,2
Health & Wellness > Sleep > Sleep disorders > Restless legs,2
Health & Wellness > Sleep > Sleep optimization > Bedroom environment,2
Health & Wellness > Sleep > Sleep products > Sleep aids,2
"Lifestyle, Home & Experiences > Cars & Transportation > Autonomous & shared rides > Carpooling",2
"Lifestyle, Home & Experiences > Cars & Transportation > Autonomous & shared rides > Ride-hailing",1
"Lifestyle, Home & Experiences > Cars & Transportation > Autonomous & shared rides > Robotaxis",2
"Lifestyle, Home & Experiences > Cars & Transportation > Car buying > Car subscriptions",2
"Lifestyle, Home & Experiences > Cars & Transportation > Car enthusiasts > Car clubs & events",2
"Lifestyle, Home & Experiences > Cars & Transportation > Car enthusiasts > Motorsports & track days",2
"Lifestyle, Home & Experiences > Cars & Transportation > EV ownership > EV trip planning",2
"Lifestyle, Home & Experiences > Cars & Transportation > Micromobility > Bike & scooter sharing",2
"Lifestyle, Home & Experiences > Cars & Transportation > Micromobility > E-scooters",2
"Lifestyle, Home & Experiences > Entertainment & Events > Gaming > Cloud gaming",2
"Lifestyle, Home & Experiences > Entertainment & Events > Gaming > Esports",2
"Lifestyle, Home & Experiences > Entertainment & Events > Gaming > Game streaming",2
"Lifestyle, Home & Experiences > Entertainment & Events > Gaming > PC & console games",2
"Lifestyle, Home & Experiences > Entertainment & Events > Immersive experiences > Escape rooms",2
"Lifestyle, Home & Experiences > Entertainment & Events > Immersive experiences > VR arcades",2
"Lifestyle, Home & Experiences > Entertainment & Events > Live events > Comedy shows",2
"Lifestyle, Home & Experiences > Entertainment & Events > Live events > Concerts",2
"Lifestyle, Home & Experiences > Entertainment & Events > Live events > Festivals",2
"Lifestyle, Home & Experiences > Entertainment & Events > Live events > Theater",1
"Lifestyle, Home & Experiences > Entertainment & Events > Nightlife & venues > Bars & clubs",2
"Lifestyle, Home & Experiences > Entertainment & Events > Nightlife & venues > Karaoke venues",2
"Lifestyle, Home & Experiences > Entertainment & Events > Podcasts & audio > Audiobooks",2
"Lifestyle, Home & Experiences > Entertainment & Events > Podcasts & audio > Podcast apps",2
"Lifestyle, Home & Experiences > Entertainment & Events > Streaming & video > Streaming services",1
"Lifestyle, Home & Experiences > Entertainment & Events > Weddings > Honeymoons",2
"Lifestyle, Home & Experiences > Entertainment & Events > Weddings > Venues",2
"Lifestyle, Home & Experiences > Fashion & Beauty > Apparel & accessories > Athleisure",2
"Lifestyle, Home & Experiences > Fashion & Beauty > Apparel & accessories > DTC basics",2
"Lifestyle, Home & Experiences > Fashion & Beauty > Apparel & accessories > Handbags & leather goods",2
"Lifestyle, Home & Experiences > Fashion & Beauty > Apparel & accessories > Jewelry",2
"Lifestyle, Home & Experiences > Fashion & Beauty > Apparel & accessories > Sneakers & streetwear",2
"Lifestyle, Home & Experiences > Fashion & Beauty > Apparel & accessories > Watches",2
"Lifestyle, Home & Experiences > Fashion & Beauty > Beauty & skincare > Clean beauty",2
"Lifestyle, Home & Experiences > Fashion & Beauty > Beauty & skincare > Makeup",2
"Lifestyle, Home & Experiences > Fashion & Beauty > Beauty & skincare > Skincare DTC",2
"Lifestyle, Home & Experiences > Fashion & Beauty > Inclusive fashion > Gender-neutral fashion",2
"Lifestyle, Home & Experiences > Fashion & Beauty > Men's grooming > Beard care",2
"Lifestyle, Home & Experiences > Fashion & Beauty > Men's grooming > Grooming products",2
"Lifestyle, Home & Experiences > Fashion & Beauty > Men's grooming > Shaving subscriptions",2
"Lifestyle, Home & Experiences > Fashion & Beauty > Resale & circular fashion > Clothing rental",2
"Lifestyle, Home & Experiences > Food & Beverage > Artisanal & local food > Farm subscriptions",2
"Lifestyle, Home & Experiences > Food & Beverage > Artisanal & local food > Farmers-market platforms",2
"Lifestyle, Home & Experiences > Food & Beverage > Better-for-you foods > Diet-specific foods",2
"Lifestyle, Home & Experiences > Food & Beverage > Beverages > Energy drinks",2
"Lifestyle, Home & Experiences > Food & Beverage > Beverages > Specialty coffee",2
"Lifestyle, Home & Experiences > Food & Beverage > Beverages > Wine & spirits",2
"Lifestyle, Home & Experiences > Food & Beverage > Cooking & groceries > Cooking classes",2
"Lifestyle, Home & Experiences > Food & Beverage > Cooking & groceries > Kitchen gadgets",2
"Lifestyle, Home & Experiences > Food & Beverage > Cooking & groceries > Recipe apps",2
"Lifestyle, Home & Experiences > Food & Beverage > Delivery & quick commerce > Food delivery",1
"Lifestyle, Home & Experiences > Food & Beverage > Delivery & quick commerce > Grocery delivery",2
"Lifestyle, Home & Experiences > Food & Beverage > Delivery & quick commerce > Quick commerce",2
"Lifestyle, Home & Experiences > Food & Beverage > Meal solutions > Meal kits",2
"Lifestyle, Home & Experiences > Home & Living > Design & decor > Decor marketplaces",2
"Lifestyle, Home & Experiences > Home & Living > Design & decor > Furniture DTC",2
"Lifestyle, Home & Experiences > Home & Living > Design & decor > Home-office setups",2
"Lifestyle, Home & Experiences > Home & Living > Gardening & plants > Home gardening",2
"Lifestyle, Home & Experiences > Home & Living > Gardening & plants > Houseplants",2
"Lifestyle, Home & Experiences > Home & Living > Gardening & plants > Plant-care apps",2
"Lifestyle, Home & Experiences > Home & Living > Home improvement > DIY projects",2
"Lifestyle, Home & Experiences > Home & Living > Home services > Home warranties",2
"Lifestyle, Home & Experiences > Home & Living > Living arrangements > Cohousing",2
"Lifestyle, Home & Experiences > Home & Living > Organizing & moving > Storage solutions",2
"Lifestyle, Home & Experiences > Home & Living > Smart home > Smart home devices",2
"Lifestyle, Home & Experiences > Pets & Animal Care > Other animals > Aquarium & reptile care",2
"Lifestyle, Home & Experiences > Pets & Animal Care > Other animals > Backyard poultry",2
"Lifestyle, Home & Experiences > Pets & Animal Care > Pet food > Raw & specialty diets",2
"Lifestyle, Home & Experiences > Pets & Animal Care > Pet lifestyle > Pet apparel & accessories",2
"Lifestyle, Home & Experiences > Pets & Animal Care > Pet services > Dog walking",2
"Lifestyle, Home & Experiences > Pets & Animal Care > Pet tech > Pet cameras",2
"Lifestyle, Home & Experiences > Pets & Animal Care > Pet tech > Smart feeders",2
"Lifestyle, Home & Experiences > Sports & Hobbies > Collecting > Coins & stamps",1
"Lifestyle, Home & Experiences > Sports & Hobbies > Collecting > Comics & memorabilia",2
"Lifestyle, Home & Experiences > Sports & Hobbies > Collecting > Sneaker collecting",2
"Lifestyle, Home & Experiences > Sports & Hobbies > Games & puzzles > Board games",2
"Lifestyle, Home & Experiences > Sports & Hobbies > Games & puzzles > Board-game cafes",2
"Lifestyle, Home & Experiences > Sports & Hobbies > Games & puzzles > Puzzles",2
"Lifestyle, Home & Experiences > Sports & Hobbies > Outdoor recreation > Boating",2
"Lifestyle, Home & Experiences > Sports & Hobbies > Outdoor recreation > Climbing",2
"Lifestyle, Home & Experiences > Sports & Hobbies > Outdoor recreation > Fishing",2
"Lifestyle, Home & Experiences > Sports & Hobbies > Outdoor recreation > Hiking & camping",2
"Lifestyle, Home & Experiences > Sports & Hobbies > Outdoor recreation > Hunting",2
"Lifestyle, Home & Experiences > Sports & Hobbies > Outdoor recreation > Skiing & snowboarding",2
"Lifestyle, Home & Experiences > Sports & Hobbies > Racquet sports > Tennis",2
"Lifestyle, Home & Experiences > Sports & Hobbies > Reading > Book clubs",2
"Lifestyle, Home & Experiences > Sports & Hobbies > Reading > Indie bookstores",2
"Lifestyle, Home & Experiences > Travel & Adventure > Digital nomadism > Nomad visas",2
"Lifestyle, Home & Experiences > Travel & Adventure > Experiential travel > Cultural & heritage tours",2
"Lifestyle, Home & Experiences > Travel & Adventure > Experiential travel > Expedition travel",2
"Lifestyle, Home & Experiences > Travel & Adventure > Road & outdoor travel > Overlanding",2
"Lifestyle, Home & Experiences > Travel & Adventure > Road & outdoor travel > RV & vanlife",2
"Lifestyle, Home & Experiences > Travel & Adventure > Road & outdoor travel > Road-trip planning",2
"Lifestyle, Home & Experiences > Travel & Adventure > Sustainable tourism > Community-based tourism",2
"Lifestyle, Home & Experiences > Travel & Adventure > Sustainable tourism > Eco-lodges",2
"Lifestyle, Home & Experiences > Travel & Adventure > Sustainable tourism > Low-carbon travel",2
"Lifestyle, Home & Experiences > Travel & Adventure > Sustainable tourism > Voluntourism",1
"Lifestyle, Home & Experiences > Travel & Adventure > Traveler segments > Group travel",2
"Lifestyle, Home & Experiences > Travel & Adventure > Traveler segments > LGBTQ+ travel",2
"Lifestyle, Home & Experiences > Travel & Adventure > Trip planning > Booking & deals",2
"Lifestyle, Home & Experiences > Travel & Adventure > Wellness travel > Sleep tourism",2
"Lifestyle, Home & Experiences > Travel & Adventure > Wellness travel > Spa & thermal travel",2
"Mind, Meaning & Growth > Career Development > Job search > Career planning",2
"Mind, Meaning & Growth > Career Development > Job search > Job boards",2
"Mind, Meaning & Growth > Career Development > Professional networking > Networking events",2
"Mind, Meaning & Growth > Career Development > Work arrangements > Contract work",2
"Mind, Meaning & Growth > Career Development > Work arrangements > Executive search",2
"Mind, Meaning & Growth > Career Development > Work arrangements > Remote job boards",2
"Mind, Meaning & Growth > Career Development > Workplace navigation > Employer reviews",2
"Mind, Meaning & Growth > Contemplative Practice > Breathwork > Breath coaching for athletes",2
"Mind, Meaning & Growth > Contemplative Practice > Breathwork > Breathwork certification",2
"Mind, Meaning & Growth > Contemplative Practice > Breathwork > Breathwork facilitators",2
"Mind, Meaning & Growth > Contemplative Practice > Digital wellness > Digital detox retreats",2
"Mind, Meaning & Growth > Contemplative Practice > Journaling & reflection > Gratitude apps",2
"Mind, Meaning & Growth > Contemplative Practice > Journaling & reflection > Guided reflection programs",2
"Mind, Meaning & Growth > Contemplative Practice > Journaling & reflection > Printed guided journals",2
"Mind, Meaning & Growth > Contemplative Practice > Meditation > Meditation apps",2
"Mind, Meaning & Growth > Contemplative Practice > Meditation > Meditation teacher training",2
"Mind, Meaning & Growth > Contemplative Practice > Nature practices > Forest bathing",2
"Mind, Meaning & Growth > Contemplative Practice > Nature practices > Mindful hiking groups",2
"Mind, Meaning & Growth > Contemplative Practice > Nature practices > Nature-therapy programs",2
"Mind, Meaning & Growth > Contemplative Practice > Somatics & embodiment > Ecstatic dance",2
"Mind, Meaning & Growth > Contemplative Practice > Somatics & embodiment > Embodiment coaching",2
"Mind, Meaning & Growth > Contemplative Practice > Somatics & embodiment > Somatic practices",2
"Mind, Meaning & Growth > Creativity & Craft > Fiber arts > Knitting & crochet",2
"Mind, Meaning & Growth > Creativity & Craft > Fiber arts > Sewing & quilting",2
"Mind, Meaning & Growth > Creativity & Craft > Maker culture > Makerspaces",2
"Mind, Meaning & Growth > Creativity & Craft > Maker culture > Woodworking",2
"Mind, Meaning & Growth > Creativity & Craft > Music creation > Home recording gear",2
"Mind, Meaning & Growth > Creativity & Craft > Performing arts > Acting & theater",2
"Mind, Meaning & Growth > Creativity & Craft > Performing arts > Community choirs",1
"Mind, Meaning & Growth > Creativity & Craft > Performing arts > Improv classes",2
"Mind, Meaning & Growth > Creativity & Craft > Photo & video > Filmmaking",2
"Mind, Meaning & Growth > Creativity & Craft > Photo & video > Photography",2
"Mind, Meaning & Growth > Creativity & Craft > Visual arts & craft > Art supplies",2
"Mind, Meaning & Growth > Creativity & Craft > Visual arts & craft > Online art classes",2
"Mind, Meaning & Growth > Creativity & Craft > Visual arts & craft > Paint-and-sip",2
"Mind, Meaning & Growth > Creativity & Craft > Writing > Storytelling courses",2
"Mind, Meaning & Growth > Creativity & Craft > Writing > Writing communities",2
"Mind, Meaning & Growth > Learning & Education > Higher education > Bootcamps",2
"Mind, Meaning & Growth > Learning & Education > Language learning > Immersion programs",2
"Mind, Meaning & Growth > Learning & Education > Language learning > Language apps",2
"Mind, Meaning & Growth > Learning & Education > Online learning > Course marketplaces",2
"Mind, Meaning & Growth > Learning & Education > Online learning > MOOCs",2
"Mind, Meaning & Growth > Personal Development > Growth communities > Online growth communities",2
"Mind, Meaning & Growth > Personal Development > Inner-work programs > Attachment-healing courses",2
"Mind, Meaning & Growth > Personal Development > Inner-work programs > Boundaries coaching",2
"Mind, Meaning & Growth > Personal Development > Inner-work programs > Self-compassion training",2
"Mind, Meaning & Growth > Personal Development > Inner-work programs > Self-esteem programs",2
"Mind, Meaning & Growth > Personal Development > Performance & mindset > Mindset coaching",2
"Mind, Meaning & Growth > Personal Development > Self-help content > Self-help courses",2
"Mind, Meaning & Growth > Personal Development > Self-help content > Self-help media",2
"Mind, Meaning & Growth > Personal Development > Transformational experiences > Growth retreats",2
"Mind, Meaning & Growth > Personal Development > Transformational experiences > Personal-growth festivals",2
"Mind, Meaning & Growth > Personal Development > Transformational experiences > Transformational workshops",2
"Mind, Meaning & Growth > Productivity > ADHD-friendly productivity > Visual timers",2
"Mind, Meaning & Growth > Productivity > AI personal assistants > Voice assistants",2
"Mind, Meaning & Growth > Productivity > Knowledge management > Personal wikis",2
"Mind, Meaning & Growth > Productivity > Knowledge management > Read-later & highlights",2
"Mind, Meaning & Growth > Productivity > Knowledge management > Whiteboards & mind mapping",2
"Mind, Meaning & Growth > Productivity > Tasks & habits > Habit trackers",2
"Mind, Meaning & Growth > Productivity > Tasks & habits > Routine builders",2
"Mind, Meaning & Growth > Productivity > Tasks & habits > To-do apps",2
"Mind, Meaning & Growth > Productivity > Time management > Focus apps",2
"Mind, Meaning & Growth > Productivity > Time management > Scheduling links",2
"Mind, Meaning & Growth > Productivity > Time management > Time-blocking tools",2
"Mind, Meaning & Growth > Purpose & Life Transitions > Life-stage transitions > Empty-nest programs",2
"Mind, Meaning & Growth > Purpose & Life Transitions > Life-stage transitions > Quarter-life coaching",2
"Mind, Meaning & Growth > Purpose & Life Transitions > Sabbaticals & career breaks > Adult gap-year programs",2
"Mind, Meaning & Growth > Purpose & Life Transitions > Sabbaticals & career breaks > Career-break communities",2
"Mind, Meaning & Growth > Purpose & Life Transitions > Self-discovery > Attachment-style assessments",2
"Mind, Meaning & Growth > Purpose & Life Transitions > Self-discovery > Purpose programs",2
"Mind, Meaning & Growth > Spirituality & Faith > Modern spirituality > Manifestation apps",2
"Mind, Meaning & Growth > Spirituality & Faith > Modern spirituality > Sound baths & ceremonies",2
"Mind, Meaning & Growth > Spirituality & Faith > Modern spirituality > Spiritual retail",2
"Mind, Meaning & Growth > Spirituality & Faith > Modern spirituality > Tarot & divination",2
"Mind, Meaning & Growth > Spirituality & Faith > Philosophy & Stoicism > Philosophy courses",2
"Mind, Meaning & Growth > Spirituality & Faith > Philosophy & Stoicism > Philosophy media",2
"Mind, Meaning & Growth > Spirituality & Faith > Philosophy & Stoicism > Secular communities",1
"Mind, Meaning & Growth > Spirituality & Faith > Philosophy & Stoicism > Stoicism apps",2
"Mind, Meaning & Growth > Spirituality & Faith > Prayer & scripture > Sermons & religious audio",2
"Mind, Meaning & Growth > Spirituality & Faith > Spiritual guidance > Interfaith communities",1
"Mind, Meaning & Growth > Spirituality & Faith > Spiritual guidance > Pilgrimages & retreats",2
"Mind, Meaning & Growth > Spirituality & Faith > Spiritual guidance > Spiritual direction",2
Planet & Frontier > Aerospace & Defense > Launch & in-space > Launch services,2
Planet & Frontier > Aerospace & Defense > Launch & in-space > Lunar missions,2
Planet & Frontier > Aerospace & Defense > Launch & in-space > Space tourism,1
Planet & Frontier > Aerospace & Defense > Next-gen aviation > Supersonic flight,1
Planet & Frontier > Aerospace & Defense > Next-gen aviation > eVTOL air taxis,2
Planet & Frontier > Aerospace & Defense > Satellites & space data > Satellite connectivity,2
Planet & Frontier > Agriculture & Food Systems > Alternative proteins > Cultivated meat,2
Planet & Frontier > Agriculture & Food Systems > Alternative proteins > Plant-based meat,2
Planet & Frontier > Agriculture & Food Systems > Controlled-environment agriculture > Container farms,2
Planet & Frontier > Agriculture & Food Systems > Controlled-environment agriculture > Indoor grow lighting,2
Planet & Frontier > Agriculture & Food Systems > Controlled-environment agriculture > Vertical farms,1
Planet & Frontier > Agriculture & Food Systems > Livestock & aquaculture > Insect farming,2
Planet & Frontier > Built Environment > Commercial real estate tech > Flexible workspace,2
Planet & Frontier > Built Environment > Property management > Tenant experience,2
Planet & Frontier > Built Environment > Smart buildings > Occupancy analytics,2
Planet & Frontier > Climate & Energy > Carbon > Carbon markets,2
Planet & Frontier > Climate & Energy > Clean fuels & industry > Green hydrogen,2
Planet & Frontier > Climate & Energy > Clean power > Fusion,2
Planet & Frontier > Climate & Energy > Clean power > Wind power,2
Planet & Frontier > Deep Tech > Quantum computing > Quantum cloud access,2
Planet & Frontier > Deep Tech > Semiconductors & AI chips > Neuromorphic chips,2
Planet & Frontier > Industry & Supply Chain > Additive manufacturing > Printing materials,2
Planet & Frontier > Industry & Supply Chain > Last-mile delivery > Crowdsourced couriers,2
Planet & Frontier > Industry & Supply Chain > Last-mile delivery > Sidewalk robots,2
Planet & Frontier > Industry & Supply Chain > Warehousing > Micro-fulfillment,2
Planet & Frontier > Public Interest & Impact > Accessibility tech > Screen readers,2
Planet & Frontier > Public Interest & Impact > Civic participation & justice > Civic engagement platforms,2
Planet & Frontier > Public Interest & Impact > Civic participation & justice > Election administration,2
Planet & Frontier > Public Interest & Impact > Civic participation & justice > Participatory budgeting,1
Planet & Frontier > Public Interest & Impact > Global development > Digital public infrastructure,2
Planet & Frontier > Public Interest & Impact > Smart cities & transit > Civic data platforms,2
Relationships > Breakups & Divorce > Breakup support > Breakup support communities,2
Relationships > Breakups & Divorce > Breakup support > Heartbreak programs,2
Relationships > Breakups & Divorce > Breakup support > No-contact apps,2
Relationships > Breakups & Divorce > Co-parenting > Parallel parenting support,2
Relationships > Breakups & Divorce > Divorce finance > Support calculators,2
Relationships > Breakups & Divorce > Life after divorce > Dating after divorce,2
Relationships > Breakups & Divorce > Life after divorce > Divorce support groups,2
Relationships > Breakups & Divorce > Life after divorce > Personal reinvention,2
Relationships > Breakups & Divorce > Life after divorce > Social rebuilding,2
Relationships > Couples & Marriage > Couples communities > Caregiver couples,2
Relationships > Couples & Marriage > Couples communities > Intercultural couples,2
Relationships > Couples & Marriage > Couples communities > LGBTQ+ couples,2
Relationships > Couples & Marriage > Long-distance relationships > LDR care packages,2
Relationships > Couples & Marriage > Long-distance relationships > Visit planning,2
Relationships > Couples & Marriage > Marriage enrichment > Anniversary experiences,2
Relationships > Couples & Marriage > Marriage enrichment > Vow renewals,1
Relationships > Couples & Marriage > Premarital > Compatibility assessments,2
Relationships > Couples & Marriage > Relationship repair > Trust rebuilding,2
Relationships > Dating > Dating coaching > Dating courses,2
Relationships > Dating > Dating coaching > Image consulting,2
Relationships > Dating > Dating platforms > Profile photography,2
Relationships > Dating > Dating platforms > Swipe apps,2
Relationships > Dating > Matchmaking & events > International matchmaking,2
Relationships > Dating > Niche dating > Intercultural dating,2
"Relationships > Death, Grief & Legacy > Grief support > Grief support groups",2
"Relationships > Death, Grief & Legacy > Memorialization > Livestreamed services",2
Relationships > Friendship & Community > Clubs & groups > Fandom communities,2
Relationships > Friendship & Community > Clubs & groups > Hobby clubs,2
Relationships > Friendship & Community > Clubs & groups > Local community groups,2
Relationships > Friendship & Community > Community platforms > Group chat communities,2
Relationships > Friendship & Community > Community platforms > Mutual-aid platforms,2
Relationships > Friendship & Community > Community platforms > Neighborhood networks,2
Relationships > Friendship & Community > Loneliness & connection > Warmlines,2
Relationships > Friendship & Community > Making friends > Online friendship communities,2
Relationships > Intimacy & Sexuality > Couples intimacy > Intimacy challenges,2
Relationships > Intimacy & Sexuality > Couples intimacy > Intimacy retreats,2
Relationships > Intimacy & Sexuality > Desire & communication > Sexual-communication courses,2
Relationships > Intimacy & Sexuality > Life-stage intimacy > Later-life intimacy,2
Relationships > Intimacy & Sexuality > Therapy & coaching > Sex-therapist certification,2
Relationships > Parenting & Family > Extended family > Adult siblings,1
Relationships > Parenting & Family > Extended family > Grandparenting,2
Relationships > Parenting & Family > Extended family > In-law relationships,1
Relationships > Parenting & Family > Family structures > Blended families,2
Relationships > Parenting & Family > Family structures > Multigenerational households,2
Relationships > Parenting & Family > Parenting stages > Adult children,2
Relationships > Parenting & Family > Parenting stages > School-age kids,2
Relationships > Parenting & Family > Parenting stages > Toddlers,2
Relationships > Social Skills > Communication training > Body-language coaching,2
Relationships > Social Skills > Public speaking & presence > Shyness programs,2
Relationships > Social Skills > Public speaking & presence > Speaking clubs,2
Wealth > Banking & Payments > Consumer lending > Auto loans,2
Wealth > Banking & Payments > Consumer lending > Loan marketplaces,2
Wealth > Banking & Payments > Consumer payments > Digital wallets,2
Wealth > Banking & Payments > Consumer payments > P2P payments,2
Wealth > Banking & Payments > Financial inclusion > Microloans,2
Wealth > Entrepreneurship > Agencies > Advertising,2
Wealth > Entrepreneurship > Agencies > SEO,2
Wealth > Entrepreneurship > Creator economy > YouTube,2
Wealth > Entrepreneurship > Freelancing & fractional > Copywriting,2
Wealth > Entrepreneurship > Online business > Affiliate marketing,2
Wealth > Entrepreneurship > Small business > Retail shops,2
Wealth > Entrepreneurship > Starting a business > Business planning,2
Wealth > Housing & Real Estate > Home equity > HELOCs,2
Wealth > Housing & Real Estate > Homebuying > Home search,2
Wealth > Housing & Real Estate > Real estate investing > Commercial property,2
Wealth > Housing & Real Estate > Real estate investing > House flipping,2
Wealth > Housing & Real Estate > Real estate investing > REITs,1
Wealth > Housing & Real Estate > Real estate investing > Real estate crowdfunding,2
Wealth > Housing & Real Estate > Renting > Rental search,2
Wealth > Insurance > Health & benefits > Family plans,2
Wealth > Insurance > Life insurance > Term life,2
Wealth > Insurance > Life insurance > Universal life,1
Wealth > Insurance > Life insurance > Whole life,1
Wealth > Insurance > Property & casualty > Renters insurance,2
Wealth > Insurance > Property & casualty > Umbrella policies,2
Wealth > Insurance > Specialty lines > Travel insurance,2
Wealth > Investing & Trading > Active trading > Day & swing trading,1
Wealth > Investing & Trading > Active trading > Futures,1
Wealth > Investing & Trading > Active trading > Options trading,2
Wealth > Investing & Trading > Active trading > Retail forex,1
Wealth > Investing & Trading > Alternative investments > Commodities & precious metals,2
Wealth > Investing & Trading > Alternative investments > Farmland,2
Wealth > Investing & Trading > Alternative investments > Private equity & VC,2
Wealth > Investing & Trading > Automated investing > Micro-investing,2
Wealth > Investing & Trading > Automated investing > Robo-advisors,2
Wealth > Investing & Trading > Public markets > Active & sector funds,1
Wealth > Investing & Trading > Public markets > Bonds,2
Wealth > Investing & Trading > Public markets > Index funds & ETFs,2
Wealth > Investing & Trading > Public markets > Stock investing,2
Wealth > Investing & Trading > Trading platforms > Copy trading,2
Wealth > Investing & Trading > Trading platforms > Prop firms,2
Wealth > Investing & Trading > Trading platforms > Trading simulators,2
Wealth > Money Management > Budgeting > Household cash flow,2
Wealth > Money Management > Budgeting > Zero-based budgeting,2
Wealth > Money Management > Credit > Credit monitoring,2
Wealth > Money Management > Credit > Credit repair,2
Wealth > Money Management > Debt management > Debt settlement,2
Wealth > Money Management > Saving > Emergency funds,2
Wealth > Money Management > Saving > Goal-based saving,2
Wealth > Retirement & Wealth Planning > Estate planning > Beneficiary planning,2
Wealth > Retirement & Wealth Planning > Retirement accounts > Annuities,2
Wealth > Retirement & Wealth Planning > Retirement accounts > Income portfolios,2
Wealth > Retirement & Wealth Planning > Retirement planning > Early retirement & FIRE,2
Wealth > Retirement & Wealth Planning > Retirement planning > Pension planning,2
Wealth > Retirement & Wealth Planning > Wealth management > Asset protection,2
Wealth > Retirement & Wealth Planning > Wealth management > Financial advisors,2
Wealth > Tax & Legal > Consumer legal services > Prepaid legal plans,2
Wealth > Tax & Legal > Immigration services > Asylum legal aid,2
Wealth > Tax & Legal > Tax planning > Capital gains,2
Wealth > Tax & Legal > Tax preparation > DIY filing software,2
